<?xml version="1.0" encoding="UTF-8"?><metadata>
    <idinfo>
        <citation>
            <citeinfo>
                <origin/>
                <pubdate>19991101</pubdate>
                <title>Bristol boundary</title>
                <edition>ENG</edition>
                <geoform>mapDigital</geoform>
                <othercit>Alternative Title: City Boundary (excl Avonmouth Ext)</othercit>
                <onlink>http://maps.bristol.gov.uk/arcgis/rest/services/ext/geotypes/MapServer/15</onlink>
            </citeinfo>
        </citation>
        <descript>
            <abstract>The Bristol boundary. The area covered by the City of Bristol.</abstract>
            <purpose>The Bristol boundary. The area covered by the City of Bristol.</purpose>
        </descript>
        <timeperd>
            <timeinfo>
                <sngdate>
                    <caldate>20080917</caldate>
                </sngdate>
            </timeinfo>
            <current>ground condition</current>
        </timeperd>
        <status>
            <progress>Complete</progress>
            <update>As needed</update>
        </status>
        <spdom>
            <bounding>
                <westbc>-2.733286328124951</westbc>
                <eastbc>-2.4784143066405973</eastbc>
                <northbc>51.55203185211877</northbc>
                <southbc>51.38555985303463</southbc>
            </bounding>
        </spdom>
        <keywords>
            <theme>
                <themekt>Integrated Public Sector Vocabulary, version 2.00</themekt>
                <themekey>Environment</themekey>
                <themekey>Government</themekey>
                <themekey>politics and public administration</themekey>
                <themekey>Land and premises</themekey>
                <themekey>Local government</themekey>
            </theme>
            <theme>
                <themekt>ISO 19115 Topic Categories</themekt>
                <themekey>environment</themekey>
            </theme>
            <place>
                <placekt>UK GEMINI Placenames</placekt>
                <placekey>ENG</placekey>
                <placekey>Bristol</placekey>
            </place>
        </keywords>
        <accconst>None</accconst>
        <useconst>

© Crown Copyright and database right 2023. 

Ordnance Survey AC0000807971.

 

</useconst>
    </idinfo>
    <dataqual>
        <lineage>
            <procstep>
                <procdesc>Created by merging together the Ward Boundaries. Wards were created by heads-up digitising to OS Landline 1:1,250.</procdesc>
            </procstep>
        </lineage>
    </dataqual>
    <distinfo>
        <distrib>
            <cntinfo>
                <cntorgp>
                    <cntorg>Bristol City Council</cntorg>
                </cntorgp>
                <cntpos>GIS Officer</cntpos>
                <cntaddr>
                    <addrtype>unknown</addrtype>
                    <address>Floor 2, East Block, Park View</address>
                </cntaddr>
                <cntvoice>0117 92 23219</cntvoice>
                <cntemail>GIS_SupportTeam@bristol.gov.uk</cntemail>
            </cntinfo>
        </distrib>
        <distliab>See access and use constraints information.</distliab>
    </distinfo>
    <distinfo>
        <distrib>
            <cntinfo>
                <cntorgp>
                    <cntorg>Bristol City Council</cntorg>
                </cntorgp>
                <cntpos>Electoral Services Manager</cntpos>
                <cntaddr>
                    <addrtype>unknown</addrtype>
                    <address>C/O 9 Willway Street, Bedminster, Bristol, BS3 4SP</address>
                </cntaddr>
                <cntvoice>0117 9223451</cntvoice>
                <cntemail>gareth.cook@bristol.gov.uk</cntemail>
            </cntinfo>
        </distrib>
        <distliab>See access and use constraints information.</distliab>
    </distinfo>
    <metainfo>
        <metd>20161109</metd>
        <metc>
            <cntinfo>
                <!--no contact person or organization name available-->
                <cntpos>GIS Officer</cntpos>
                <cntaddr>
                    <addrtype>unknown</addrtype>
                    <address>Floor 2, East Block, Park View</address>
                </cntaddr>
                <cntvoice>0117 92 23219</cntvoice>
                <cntemail>GIS_SupportTeam@bristol.gov.uk</cntemail>
            </cntinfo>
        </metc>
        <metstdn>FGDC Content Standard for Digital Geospatial Metadata</metstdn>
        <metstdv>FGDC-STD-001-1998</metstdv>
        <mettc>local time</mettc>
    </metainfo>
</metadata>
